max_dd_diff,sharpe_diff,cagr_diff,max_dd_diff_oos,sharpe_diff_oos,cagr_diff_oos
0.0554232901094146,0.06722995728583886,0.011458932375927322,0.03216324361276973,0.050269365003103306,0.006386042864348296
