max_dd_diff,sharpe_diff,cagr_diff,max_dd_diff_oos,sharpe_diff_oos,cagr_diff_oos
0.0778163822019316,0.05137498774963123,-0.0024125806205801403,0.0467635297445369,0.03213286414685368,-0.011040850742483288
