max_dd_diff,sharpe_diff,cagr_diff,max_dd_diff_oos,sharpe_diff_oos,cagr_diff_oos
0.05200109076217696,0.07128883135625586,0.003193979000359004,0.0743492767317307,0.08589403548819563,-0.0003572411833516753
