q_int,lambda1,lambda_int,delta_lambda,tau,delta_ds_max,R2_exp,R2_power,Regime,n_nodes,n_edges,components,lcc_fraction,zero_degree_fraction,zero_eig_mult,disconnected
0.80,0.063260,1.004838,0.941578,0.941578,0.115669,0.999,0.767,Crossover,5,6,1,1.0000,0.0000,1,False
0.60,0.063260,0.848982,0.785721,0.785721,0.166313,0.998,0.851,Crossover,5,6,1,1.0000,0.0000,1,False
0.40,0.063260,0.539210,0.475949,0.475949,0.201925,0.977,0.879,Gapless,5,6,1,1.0000,0.0000,1,False
0.20,0.063260,0.286875,0.223615,0.223615,0.225895,0.967,0.931,Gapless,5,6,1,1.0000,0.0000,1,False
0.10,0.063260,0.175068,0.111808,0.111808,0.237114,0.962,0.946,Gapless,5,6,1,1.0000,0.0000,1,False
